65063"Red and blue check shortsleeve shirt"3"6506-6M,6506-9M,6506-12M,6506-18M,6506-2T,6506-3T,6506-4T,6506-5Y,6506-6Y,6506-7Y,6506-8Y"3"Boys Shirts"3"Red / Blue"3"Red and blue check shortsleeve shirt"3"Red and blue check shortsleeve shirt"
74973"Blue and Green large check short sleeve shirt"3"7497-2T,7497-3T,7497-4T,7497-5Y,7497-6Y,7497-7Y,7497-8Y"3"Boys Shirts"3"Blue / Green"3"Blue and Green large check short sleeve shirt"3"Blue and Green large check short sleeve shirt"
"7830"3"Orange and blue check shirt"3"7830-18M,7830-2T,7830-3T,7830-4T,7830-5Y,7830-6Y,7830-7Y,7830-8Y,7830S/S-18M,7830S/S-2T,7830S/S-3T,7830S/S-4T,7830S/S-5Y,7830S/S-6Y,7830S/S-7Y,7830S/S-8Y"3"Boys Shirts"3Orange/Blue3"Orange and blue check shirt"3"Orange and blue check shirt"
"7830S/S"3"Orange and blue check s/s shirt"3"7830S/S-18M,7830S/S-2T,7830S/S-3T,7830S/S-4T,7830S/S-5Y,7830S/S-6Y,7830S/S-7Y,7830S/S-8Y"3"Boys Shirts"3Orange/Blue3"Orange and blue check s/s shirt"3"Orange and blue check s/s shirt"
"7831"3"Blue Swiss Dot shirt"3"7831-2T,7831-3T,7831-4T,7831-5Y,7831-6Y,7831-7Y,7831-8Y,7831B-6M,7831B-9M,7831B-12M,7831B-18M"3"Boys Shirts"3Blue3"Blue Swiss Dot shirt"3"Blue Swiss Dot shirt"
"9002"2"Orange Speckled Bodysuit with Navy Chambray Tie "2"9002-3T,9002-4T,9002-5Y,9002-6Y,9002-7Y,9002-8Y,9002B-6M,9002B-9M,9002B-12M,9002B-18M,9002-2T"2"Boys Shirts"2Orange2"Orange Speckled Bodysuit with Navy Chambray Tie "2"Orange Speckled Bodysuit with Navy Chambray Tie "
"2122"2"Tuxedo Un-tied White Shirt"2"2122"2"Boys Shirts"2White2"Tuxedo Un-tied White Shirt"2"Tuxedo Un-tied White Shirt"
"2123"2"Tuxedo Un-tied White Shirt"2"2123"2"Boys Shirts"2White2"Tuxedo Un-tied White Shirt"2"Tuxedo Un-tied White Shirt"
"2134"2"Tuxedo Un-tied White Shirt"2"2134"2"Boys Shirts"2White2"Tuxedo Un-tied White Shirt"2"Tuxedo Un-tied White Shirt"
"2125"2"Tuxedo Un-tied White Shirt"2"2125"2"Boys Shirts"2White2"Tuxedo Un-tied White Shirt"2"Tuxedo Un-tied White Shirt"
"2114"2"New Grey Tuxedo Shirt"2"2114"2"Boys Shirts"2Grey2"New Grey Tuxedo Shirt"2"New Grey Tuxedo Shirt"
"2115"2"New Grey Tuxedo Shirt"2"2115"2"Boys Shirts"2Grey2"New Grey Tuxedo Shirt"2"New Grey Tuxedo Shirt"
"2116"2"New Grey Tuxedo Shirt"2"2116"2"Boys Shirts"2Grey2"New Grey Tuxedo Shirt"2"New Grey Tuxedo Shirt"
"2117"2"New Grey Tuxedo Shirt"2"2117"2"Boys Shirts"2Grey2"New Grey Tuxedo Shirt"2"New Grey Tuxedo Shirt"
"5269"2"Dark floral dress with tie shoulders"2"5269-2T,5269-3T,5269-4T,5269-5Y,5269-6Y,5269-7Y,5269-8Y"2"Girls Dress"2Black2"Dark floral dress with tie shoulders"2"Dark floral dress with tie shoulders"
"5503"3"Dark blue denim dress with light blue collar and waist"3"5503-2T,5503-3T,5503-4T,5503-5Y,5503-6Y,5503-7Y,5503-8Y"3"Girls Dress"3Denim3"Dark blue denim dress with light blue collar and waist"3"Dark blue denim dress with light blue collar and waist"
54052"Denim leggings"2"5405-2T,5405-3T,5405-4T,5405-5Y,5405-6Y,5405-7Y,5405-8Y"2"Girls Pants"2Denim2"Denim leggings"2"Denim leggings"
"5268"2"Dark floral skirt"2"5268-2T,5268-3T,5268-4T,5268-5Y,5268-6Y,5268-7Y,5268-8Y"2"Girls Skirts"2Black2"Dark floral skirt"2"Dark floral skirt"
"5280"2"Gathered waist coral skirt with buttons"2"5280-2T,5280-3T,5280-4T,5280-5Y,5280-6Y,5280-7Y,5280-8Y,5280-10Y,5280-12Y,5280-14Y,5280-16Y"2"Girls Skirts"2Coral2"Gathered waist coral skirt with buttons"2"Gathered waist coral skirt with buttons"
"5285"2"Gathered waist red skirt with buttons"2"5285-2T,5285-3T,5285-4T,5285-5Y,5285-6Y,5285-7Y,5285-8Y,5285-10Y,5285-12Y,5285-14Y,5285-16Y"2"Girls Skirts"2Red2"Gathered waist red skirt with buttons"2"Gathered waist red skirt with buttons"
"5292"2"Solid pink chino skirt"2"5292-2T,5292-3T,5292-4T,5292-5Y,5292-6Y,5292-7Y,5292-8Y,5292-10Y,5292-12Y,5292-14Y"2"Girls Skirts"2Pink2"Solid pink chino skirt"2"Solid pink chino skirt"
52991"Solid Dark blue denim skirt"1"5299-2T,5299-3T,5299-4T,5299-5Y,5299-6Y,5299-7Y,5299-8Y,5299-10Y,5299-12Y,5299-14Y,5299-16Y"1"Girls Skirts"1Blue1"Solid Dark blue denim skirt"1"Solid Dark blue denim skirt"
54032"Mustard Chino Skirt"2"5403-2T,5403-3T,5403-4T,5403-5Y,5403-6Y,5403-7Y,5403-8Y,5403-10Y,5403-12Y,5403-14Y,5403-16Y"2"Girls Skirts"2Mustard2"Mustard Chino Skirt"2"Mustard Chino Skirt"
53642"Red floral set with bloomers"2"5364-3M,5364-6M,5364-9M,5364-12M,5364-18M"2"Infant  Girls Bloomer Set"2Red2"Red floral set with bloomers"2"Red floral set with bloomers"
"7831B"3"Blue Swiss Dot Bodysuit"3"7831B-6M,7831B-9M,7831B-12M,7831B-18M"3"Infant Boys Bodysuits"3Blue3"Blue Swiss Dot Bodysuit"3"Blue Swiss Dot Bodysuit"
91762"Light Grey Headphone Bodysuit "2"9176-3M,9176-6M,9176-9M,9176-12M"2"Infant Boys Bodysuits"2Grey2"Light Grey Headphone Bodysuit "2"Light Grey Headphone Bodysuit "
91882"Light Blue Headphone Bodysuit"2"9188-3M,9188-6M,9188-9M,9188-12M"2"Infant Boys Bodysuits"2Blue2"Light Blue Headphone Bodysuit"2"Light Blue Headphone Bodysuit"
"9200"2"Mustard Headphone Bodysuit "2"9200-3M,9200-6M,9200-9M,9200-12M"2"Infant Boys Bodysuits"2Mustard2"Mustard Headphone Bodysuit "2"Mustard Headphone Bodysuit "
"9002B"2"Orange Speckled Bodysuit with Navy Chambray Tie "2"9002B-6M,9002B-9M,9002B-12M,9002B-18M"2"Infant Boys Bodysuits"2Orange2"Orange Speckled Bodysuit with Navy Chambray Tie "2"Orange Speckled Bodysuit with Navy Chambray Tie "
"2118"1"Tuxedo Un-tied White Bodysuit "1"2118"1"Infant Boys Bodysuits"1White1"Tuxedo Un-tied White Bodysuit "1"Tuxedo Un-tied White Bodysuit "
"2119"1"Tuxedo Un-tied White Bodysuit "1"2119"1"Infant Boys Bodysuits"1White1"Tuxedo Un-tied White Bodysuit "1"Tuxedo Un-tied White Bodysuit "
"2120"1"Tuxedo Un-tied White Bodysuit "1"2120"1"Infant Boys Bodysuits"1White1"Tuxedo Un-tied White Bodysuit "1"Tuxedo Un-tied White Bodysuit "
"2121"1"Tuxedo Un-tied White Bodysuit "1"2121"1"Infant Boys Bodysuits"1White1"Tuxedo Un-tied White Bodysuit "1"Tuxedo Un-tied White Bodysuit "
20991"New Grey Tuxedo Bodysuit "120991"Infant Boys Bodysuits"1Grey1"New Grey Tuxedo Bodysuit "1"New Grey Tuxedo Bodysuit "
"2110"1"New Grey Tuxedo Bodysuit "1"2110"1"Infant Boys Bodysuits"1Grey1"New Grey Tuxedo Bodysuit "1"New Grey Tuxedo Bodysuit "
"2111"1"New Grey Tuxedo Bodysuit "1"2111"1"Infant Boys Bodysuits"1Grey1"New Grey Tuxedo Bodysuit "1"New Grey Tuxedo Bodysuit "
"2112"1"New Grey Tuxedo Bodysuit "1"2112"1"Infant Boys Bodysuits"1Grey1"New Grey Tuxedo Bodysuit "1"New Grey Tuxedo Bodysuit "
"2113"1"New Grey Tuxedo Bodysuit "1"2113"1"Infant Boys Bodysuits"1Grey1"New Grey Tuxedo Bodysuit "1"New Grey Tuxedo Bodysuit "
53802"Green elastic waist pant"2"5380-6M,5380-9M,5380-12M,5380-18M,5380-2T,5380-3T,5380-4T,5380-5Y,5380-6Y,5380-7Y"2"Infant Boys Pants, Boys Pants"2Green2"Green elastic waist pant"2"Green elastic waist pant"
3802"Green elastic waist pant"2"5380-6M,5380-9M,5380-12M,5380-18M,5380-2T,5380-3T,5380-4T,5380-5Y,5380-6Y,5380-7Y,380-8Y"2"Infant Boys Pants, Boys Pants"2Green2"Green elastic waist pant"2"Green elastic waist pant"
53812"Khaki elastic waist pant"2"5381-6M,5381-9M,5381-12M,5381-18M,5381-2T,5381-3T,5381-4T,5381-5Y,5381-6Y,5381-7Y,5381-8Y"2"Infant Boys Pants, Boys Pants"2Khaki2"Khaki elastic waist pant"2"Khaki elastic waist pant"
"5382"2"Neon Yellow elastic waist pant"2"5382-6M,5382-9M,5382-12M,5382-18M,5382-2T,5382-3T,5382-4T,5382-5Y,5382-6Y,5382-7Y,5382-8Y"2"Infant Boys Pants, Boys Pants"2Yellow2"Neon Yellow elastic waist pant"2"Neon Yellow elastic waist pant"
53832"Navy elastic waist pant"2"5383-6M,5383-9M,5383-12M,5383-18M,5383-2T,5383-3T,5383-4T,5383-5Y,5383-6Y,5383-7Y,5383-8Y"2"Infant Boys Pants, Boys Pants"2Navy2"Navy elastic waist pant"2"Navy elastic waist pant"
78532"Orange tank romper"2"7853-3M,7853-6M,7853-9M,7853-12M,7853-18M"2"Infant Boys Rompers"2Orange2"Orange tank romper"2"Orange tank romper"
78542"Blue tank romper"2"7854-3M,7854-6M,7854-9M,7854-12M,7854-18M"2"Infant Boys Rompers"2Blue2"Blue tank romper"2"Blue tank romper"
78552"Green tank romper"2"7855-3M,7855-6M,7855-9M,7855-12M,7855-18M"2"Infant Boys Rompers"2Green2"Green tank romper"2"Green tank romper"
78592"Black chambray romper"2"7859-3M,7859-6M,7859-9M,7859-12M,7859-18M "2"Infant Boys Rompers"2Black2"Black chambray romper"2"Black chambray romper"
78372"Grey Henley t-shirt"2"7837-6M,7837-9M,7837-12M,7837-18M,7837-2T,7837-3T,7837-4T,7837-5Y,7837-6Y,7837-7Y,7837-8Y"2"Infant Boys Shirts, Boys Shirts"2Grey2"Grey Henley t-shirt"2"Grey Henley t-shirt"
78382"Green Henley t-shirt"2"7838-6M,7838-9M,7838-12M,7838-18M,7838-2T,7838-3T,7838-4T,7838-5Y,7838-6Y,7838-7Y,7838-8Y"2"Infant Boys Shirts, Boys Shirts"2Geen2"Green Henley t-shirt"2"Green Henley t-shirt"
78392"Lt Blue Henley t-shirt"2"7839-6M,7839-9M,7839-12M,7839-18M,7839-2T,7839-3T,7839-4T,7839-5Y,7839-6Y,7839-7Y,7839-8Y"2"Infant Boys Shirts, Boys Shirts"2"Lt. Blue"2"Lt Blue Henley t-shirt"2"Lt Blue Henley t-shirt"
"5329"3"Blue Chambray shirt with Turquise Trim"3"5329-12M,5329-18M,5329-2T,5329-3T,5329-4T,5329-5Y,5329-6Y,5329-7Y,5329-8Y"3"Infant Boys Shirts, Boys Shirts"3Blue3"Blue Chambray shirt with Turquise Trim"3"Blue Chambray shirt with Turquise Trim"
"53146M"3"White horse button down"3"53146M"3"Infant Boys Shirts, Boys Shirts"3White3"White horse button down"3"White horse button down"
"5314"3"White horse button down"3"53146M,5314-9M,5314-12M,5314-18M,5314-2T,5314-3T,5314-4T"3"Infant Boys Shirts, Boys Shirts"3White3"White horse button down"3"White horse button down"
"5315"3"White Mandrian Collar with Blue Dots"3"5315-6M,5315-9M,5315-12M,5315-18M,5315-2T,5315-3T,5315-4T,5315-5Y,5315-6Y,5315-7Y,5315-8Y"3"Infant Boys Shirts, Boys Shirts"3White3"White Mandrian Collar with Blue Dots"3"White Mandrian Collar with Blue Dots"
"5316"3"Blue Mandrian Collar with Blue Dots"3"5316-6M,5316-9M,5316-12M,5316-18M,5316-2T,5316-3T,5316-4T,5316-5Y,5316-6Y,5316-7Y,5316-8Y"3"Infant Boys Shirts, Boys Shirts"3Blue3"Blue Mandrian Collar with Blue Dots"3"Blue Mandrian Collar with Blue Dots"
"5318"1"Lt Grey Polo Shirt"1"5318-12M,5318-18M,5318-2T,5318-3T,5318-4T,5318-5Y,5318-6Y,5318-7Y,5318-8Y"1"Infant Boys Shirts, Boys Shirts"1Grey1"Lt Grey Polo Shirt"1"Lt Grey Polo Shirt"
"5319"1"Florescent Yellow Polo Shirt"1"5319-12M,5319-18M,5319-2T,5319-3T,5319-4T,5319-5Y,5319-6Y,5319-7Y,5319-8Y"1"Infant Boys Shirts, Boys Shirts"1Yellow1"Florescent Yellow Polo Shirt"1"Florescent Yellow Polo Shirt"
53201"Blue Polo Shirt"1"5320-12M,5320-18M,5320-2T,5320-3T,5320-4T,5320-5Y,5320-6Y,5320-7Y,5320-8Y"1"Infant Boys Shirts, Boys Shirts"1Blue1"Blue Polo Shirt"1"Blue Polo Shirt"
78421"Dark Grey Polo Shirt"1"7842-12M,7842-18M,7842-2T,7842-3T,7842-4T,7842-5Y,7842-6Y,7842-7Y,7842-8Y"1"Infant Boys Shirts, Boys Shirts"1Grey1"Dark Grey Polo Shirt"1"Dark Grey Polo Shirt"
78432"Grey hooded short sleeved shirt"2"7843-12M,7843-18M,7843-2T,7843-3T,7843-4T,7843-5Y,7843-6Y,7843-7Y,7843-8Y"2"Infant Boys Shirts, Boys Shirts"2Grey2"Grey hooded short sleeved shirt"2"Grey hooded short sleeved shirt"
78441"Green t-shirt with blue pocket"1"7844-6M,7844-9M,7844-12M,7844-18M,7844-2T,7844-3T,7844-4T,7844-5Y,7844-6Y,7844-7Y,7844-8Y"1"Infant Boys Shirts, Boys Shirts"1Green1"Green t-shirt with blue pocket"1"Green t-shirt with blue pocket"
78601"Purple and Grey t-shirt"1"7860-6M,7860-9M,7860-12M,7860-18M,7860-2T,7860-3T,7860-4T,7860-5Y,7860-6Y,7860-7Y,7860-8Y"1"Infant Boys Shirts, Boys Shirts"1Purple1"Purple and Grey t-shirt"1"Purple and Grey t-shirt"
78491"Grey and yellow t-shirt"1"7849-6M,7849-9M,7849-12M,7849-18M,7849-2T,7849-3T,7849-4T,7849-5Y,7849-6Y,7849-7Y,7849-8Y"1"Infant Boys Shirts, Boys Shirts"1Grey1"Grey and yellow t-shirt"1"Grey and yellow t-shirt"
"7850"8"Blue v-neck t-shirt"8"7850-6M,7850-9M,7850-12M,7850-18M,7850-2T,7850-3T,7850-4T,7850-5Y,7850-6Y,7850-7Y,7850-8Y"8"Infant Boys Shirts, Boys Shirts"8Blue8"Blue v-neck t-shirt"8"Blue v-neck t-shirt"
"7851"8"Red v-neck boys t-shirt"8"7851-6M,7851-9M,7851-12M,7851-18M,7851-2T,7851-3T,7851-4T,7851-5Y,7851-6Y,7851-7Y,7851-8Y"8"Infant Boys Shirts, Boys Shirts"8Red8"Red v-neck boys t-shirt"8"Red v-neck boys t-shirt"
91802"Light Grey Headphone Shirt"2"9180-18M,9180-2T,9180-3T,9180-4T,9180-5Y,9180-6Y,9180-7Y,9180-8Y"2"Infant Boys Shirts, Boys Shirts"2Grey2"Light Grey Headphone Shirt"2"Light Grey Headphone Shirt"
"9192"2"Light Blue Headphone Shirt"2"9192-18M,9192-2T,9192-3T,9192-4T,9192-5Y,9192-6Y,9192-7Y,9192-8Y"2"Infant Boys Shirts, Boys Shirts"2Blue2"Light Blue Headphone Shirt"2"Light Blue Headphone Shirt"
"9204"2"Mustard Headphone Shirt"2"9204-18M,9204-2T,9204-3T,9204-4T,9204-5Y,9204-6Y,9204-7Y,9204-8Y"2"Infant Boys Shirts, Boys Shirts"2Mustard2"Mustard Headphone Shirt"2"Mustard Headphone Shirt"
90012"Yellow / Black Heathered Shirt with Navy Pocket and Trim "2"9001-6M,9001-9M,9001-12M,9001-18M,9001-2T,9001-3T,9001-4T,9001-5Y,9001-6Y,9001-7Y,9001-8Y"2"Infant Boys Shirts, Boys Shirts"2Yellow2"Yellow / Black Heathered Shirt with Navy Pocket and Trim "2"Yellow / Black Heathered Shirt with Navy Pocket and Trim "
53762"Green Elastic Waist short"2"5376-6M,5376-9M,5376-12M,5376-18M,5376-2T,5376-3T,5376-4T,5376-5Y,5376-6Y,5376-7Y,5376-8Y"2"Infant Boys Shorts, Boys Shorts"2Green2"Green Elastic Waist short"2"Green Elastic Waist short"
53772"Khaki elastic waist short"2"5377-6M,5377-9M,5377-12M,5377-18M,5377-2T,5377-3T,5377-4T,5377-5Y,5377-6Y,5377-7Y,5377-8Y"2"Infant Boys Shorts, Boys Shorts"2Khaki2"Khaki elastic waist short"2"Khaki elastic waist short"
53782"Neon Yellow Elastic waist short"2"5378-6M,5378-9M,5378-12M,5378-18M,5378-2T,5378-3T,5378-4T,5378-5Y,5378-6Y,5378-7Y,5378-8Y"2"Infant Boys Shorts, Boys Shorts"2Yellow2"Neon Yellow Elastic waist short"2"Neon Yellow Elastic waist short"
53792"Navy Elastic waist short"2"5379-6M,5379-9M,5379-12M,5379-18M,5379-2T,5379-3T,5379-4T,5379-5Y,5379-6Y,5379-7Y,5379-8Y"2"Infant Boys Shorts, Boys Shorts"2Navy2"Navy Elastic waist short"2"Navy Elastic waist short"
54132"Grey Chino Short"2"5413-6M,5413-9M,5413-12M,5413-18M,5413-2T,5413-3T,5413-4T,5413-5Y,5413-6Y,5413-7Y,5413-8Y"2"Infant Boys Shorts, Boys Shorts"2Grey2"Grey Chino Short"2"Grey Chino Short"
53842"White Chino Short"2"5384-6M,5384-9M,5384-12M,5384-18M,5384-2T,5384-3T,5384-4T,5384-5Y,5384-6Y,5384-7Y,5384-8Y"2"Infant Boys Shorts, Boys Shorts"2"White "2"White Chino Short"2"White Chino Short"
"5389"3"Gray Tipped Cardigan "3"5389-6M,5389-9M,5389-12M,5389-18M,5389-2T,5389-3T,5389-4T,5389-5Y,5389-6Y,5389-7Y,5389-8Y"3"Infant Boys Sweater, Boys Sweaters"3Grey3"Gray Tipped Cardigan "3"Gray Tipped Cardigan "
53331"Purple Short Sleeve Ruffle Bodysuit "1"5333-6M,5333-12M,5333-18M"1"Infant Girls Bodysuits"1Purple1"Purple Short Sleeve Ruffle Bodysuit "1"Purple Short Sleeve Ruffle Bodysuit "
53341"Hot Pink Short Sleeve Ruffle Bodysuit "1"5334-6M,5334-12M,5334-18M"1"Infant Girls Bodysuits"1Pink1"Hot Pink Short Sleeve Ruffle Bodysuit "1"Hot Pink Short Sleeve Ruffle Bodysuit "
53351"White Short Sleeve Ruffle Bodysuit "1"5335-6M,5335-12M,5335-18M"1"Infant Girls Bodysuits"1White1"White Short Sleeve Ruffle Bodysuit "1"White Short Sleeve Ruffle Bodysuit "
53531"Red floral bubble with blue floral detail"1"5353-3M,5353-6M,5353-12M"1"Infant Girls Bubble"1Red1"Red floral bubble with blue floral detail"1"Red floral bubble with blue floral detail"
53581"Chambray Heart Bubble"1"5358-3M,5358-6M,5358-12M"1"Infant Girls Bubble"1"Lt. Blue"1"Chambray Heart Bubble"1"Chambray Heart Bubble"
"5427"2"Purple Ruffle Tutu Bodysuit "2"5427-6M,5427-12M,5427-18M,5427-24M"2"Infant Girls Dress"2Purple2"Purple Ruffle Tutu Bodysuit "2"Purple Ruffle Tutu Bodysuit "
"5428"2"Hot Pink Ruffle Tutu Bodysuit"2"5428-6M,5428-12M,5428-18M,5428-24M"2"Infant Girls Dress"2Pink2"Hot Pink Ruffle Tutu Bodysuit"2"Hot Pink Ruffle Tutu Bodysuit"
"5429"2"White Ruffle Tutu Bodysuit"2"5429-6M,5429-12M,5429-18M,5429-24M"2"Infant Girls Dress"2White2"White Ruffle Tutu Bodysuit"2"White Ruffle Tutu Bodysuit"
"5421"2"Purple Ruffle Dress "2"5421-12M,5421-18M,5421-24M,5421-2T,5421-3T,5421-4T"2"Infant Girls Dress, Girls Dress"2Purple2"Purple Ruffle Dress "2"Purple Ruffle Dress "
"5422"2"Hot Pink Ruffle Dress"2"5422-12M,5422-18M,5422-24M,5422-2T,5422-3T,5422-4T"2"Infant Girls Dress, Girls Dress"2Pink2"Hot Pink Ruffle Dress"2"Hot Pink Ruffle Dress"
"5423"2"White Ruffle Dress"2"5423-12M,5423-18M,5423-24M,5423-2T,5423-3T,5423-4T"2"Infant Girls Dress, Girls Dress"2White2"White Ruffle Dress"2"White Ruffle Dress"
"5424"2"Purple Ruffle Tutu Dress "2"5424-18M,5424-24M,5424-2T,5424-3T,5424-4T"2"Infant Girls Dress, Girls Dress"2Purple2"Purple Ruffle Tutu Dress "2"Purple Ruffle Tutu Dress "
"5425"2"Hot Pink Ruffle Tutu Dress"2"5425-18M,5425-24M,5425-2T,5425-3T,5425-4T"2"Infant Girls Dress, Girls Dress"2Pink2"Hot Pink Ruffle Tutu Dress"2"Hot Pink Ruffle Tutu Dress"
"5426"2"White Ruffle Tutu Dress"2"5426-18M,5426-24M,5426-2T,5426-3T,5426-4T"2"Infant Girls Dress, Girls Dress"2White2"White Ruffle Tutu Dress"2"White Ruffle Tutu Dress"
53681"Purple Ruffle Tunic Pant "1"5368-6M,5368-12M,5368-18M,5368-24M"1"Infant Girls Pants, Girls Pants"1PUrple1"Purple Ruffle Tunic Pant "1"Purple Ruffle Tunic Pant "
53861"Purple Ruffle Tunic Pant "15386-2T,5386-3T,5386-4T1"Infant Girls Pants, Girls Pants"1PUrple1"Purple Ruffle Tunic Pant "1"Purple Ruffle Tunic Pant "
53691"Hot Pink Ruffle Tunic Pant "1"5369-6M,5369-12M,5369-18M,5369-24M,5369-2T,5369-3T,5369-4T"1"Infant Girls Pants, Girls Pants"1Pink1"Hot Pink Ruffle Tunic Pant "1"Hot Pink Ruffle Tunic Pant "
54201"White Ruffle Tunic Pant "1"5420-6M,5420-12M,5420-18M,5420-24M,5420-2T,5420-3T,5420-4T"1"Infant Girls Pants, Girls Pants"1White1"White Ruffle Tunic Pant "1"White Ruffle Tunic Pant "
52791"Red Jeggings
"1"5279-3M,5279-6M,5279-9M,5279-12M,5279-18M,5279-2T,5279-3T,5279-4T,5279-5Y,5279-6Y,5279-7Y,5279-8Y"1"Infant Girls Pants, Girls Pants"1Red1"Red Jeggings
"1"Red Jeggings
"
53081"Blue Jeggings
"1"5308-6M,5308-9M,5308-12M,5308-18M,5308-2T,5308-3T,5308-4T,5308-5Y,5308-6Y,5308-7Y,5308-8Y"1"Infant Girls Pants, Girls Pants"1Blue1"Blue Jeggings
"1"Blue Jeggings
"
53091"Dark Denim Jeggings
"1"5309-6M,5309-9M,5309-12M,5309-18M"1"Infant Girls Pants, Girls Pants"1Denim1"Dark Denim Jeggings
"1"Dark Denim Jeggings
"
"5410"1"Denim Jeggings
"1"5410-3M,5410-6M,5410-9M,5410-12M,5410-18M,5410-2T,5410-3T,5410-4T,5410-5Y,5410-6Y,5410-7Y,5410-8Y"1"Infant Girls Pants, Girls Pants"1Denim1"Denim Jeggings
"1"Denim Jeggings
"
"5411"1"Hot Pink Jeggings
"1"5411-3M,5411-6M,5411-9M,5411-12M,5411-18M,5411-2T,5411-3T,5411-4T,5411-5Y"1"Infant Girls Pants, Girls Pants"1Pink1"Hot Pink Jeggings
"1"Hot Pink Jeggings
"
"5412"1"White Jeggings
"1"5412-6M,5412-9M,5412-12M,5412-18M,5412-2T,5412-3T,5412-4T,5412-5Y,5412-6Y,5412-7Y,5412-8Y"1"Infant Girls Pants, Girls Pants"1White1"White Jeggings
"1"White Jeggings
"
54781"Yellow Jeggings
"1"5478-6M,5478-9M,5478-12M,5478-18M,5478-2T,5478-3T,5478-4T,5478-5Y"1"Infant Girls Pants, Girls Pants"1Yellow1"Yellow Jeggings
"1"Yellow Jeggings
"
52701"Red Stretchie Pant
"1"5270-6M,5270-9M,5270-12M,5270-18M,5270-2T,5270-3T,5270-4T,5270-5Y,5270-6Y,5270-7Y,5270-8Y"1"Infant Girls Pants, Girls Pants"1Red1"Red Stretchie Pant
"1"Red Stretchie Pant
"
"5271"1"Hot Pink Stretchie Pant
"1"5271-6M,5271-9M,5271-12M,5271-18M,5271-2T,5271-3T,5271-4T,5271-5Y,5271-6Y,5271-7Y,5271-8Y"1"Infant Girls Pants, Girls Pants"1Pink1"Hot Pink Stretchie Pant
"1"Hot Pink Stretchie Pant
"
52721"Purple Stretchie Pant
"1"5272-6M,5272-9M,5272-12M,5272-18M,5272-2T,5272-3T,5272-4T,5272-5Y"1"Infant Girls Pants, Girls Pants"1Purple1"Purple Stretchie Pant
"1"Purple Stretchie Pant
"
52751"Black Stretchie Pant
"1"5275-6M,5275-9M,5275-12M,5275-18M,5275-2T,5275-3T,5275-4T,5275-5Y,5275-6Y,5275-7Y,5275-8Y"1"Infant Girls Pants, Girls Pants"1Black1"Black Stretchie Pant
"1"Black Stretchie Pant
"
52761"Silver Gray Stretchie Pant
"1"5276-6M,5276-9M,5276-12M,5276-18M,5276-2T,5276-3T,5276-4T,5276-5Y,5276-6Y,5276-7Y,5276-8Y"1"Infant Girls Pants, Girls Pants"1Silver1"Silver Gray Stretchie Pant
"1"Silver Gray Stretchie Pant
"
"5313"1"Pink Stretchie Pant
"1"5313-6M,5313-9M,5313-12M,5313-18M,5313-2T,5313-3T,5313-4T,5313-5Y"1"Infant Girls Pants, Girls Pants"1Pink1"Pink Stretchie Pant
"1"Pink Stretchie Pant
"
53872"Yellow eyelet romper"2"5387-3M,5387-6M,5387-12M"2"Infant Girls Romper"2Yellow2"Yellow eyelet romper"2"Yellow eyelet romper"
53281"Polka Dot Skirt"1"5328-12M,5328-18M,5328-2T,5328-3T"1"Infant Girls Skirts, Girls Skirts"1Black1"Polka Dot Skirt"1"Polka Dot Skirt"
53251"Blue Denim Heart Ruffle Shirt"1"5325-3M,5325-6M,5325-9M,5325-12M,5325-18M,5325-2T,5325-3T,5325-4T,5325-5Y,5325-6Y,5325-7Y,5325-8Y"1"Infant Girls Tops, Girls Tops"1Denim1"Blue Denim Heart Ruffle Shirt"1"Blue Denim Heart Ruffle Shirt"
53042"Denim top with tie"2"5304-6M,5304-9M,5304-12M,5304-18M,5304-2T,5304-3T,5304-4T,5304-5Y"2"Infant Girls Tops, Girls Tops"2Denim2"Denim top with tie"2"Denim top with tie"
53471"Black polka dot top"1"5347-3M,5347-6M,5347-9M,5347-12M,5347-18M,5347-2T,5347-3T"1"Infant Girls Tops, Girls Tops"1Black1"Black polka dot top"1"Black polka dot top"
53361"Purple Ruffle Tunic Tank "1"5336-6M,5336-12M,5336-18M,5336-24M,5336-2T,5336-3T,5336-4T"1"Infant Girls Tops, Girls Tops"1PUrple1"Purple Ruffle Tunic Tank "1"Purple Ruffle Tunic Tank "
53371"Hot Pink Ruffle Tunic Tank "1"5337-6M,5337-12M,5337-18M,5337-24M,5337-2T,5337-3T,5337-4T"1"Infant Girls Tops, Girls Tops"1Pink1"Hot Pink Ruffle Tunic Tank "1"Hot Pink Ruffle Tunic Tank "
53381"White Ruffle Tunic Tank "1"5338-6M,5338-12M,5338-18M,5338-24M,5338-2T,5338-3T,5338-4T"1"Infant Girls Tops, Girls Tops"1White1"White Ruffle Tunic Tank "1"White Ruffle Tunic Tank "
"3051"1"Orange and teal floral bowtie"1"3051"1"Ties and Bowties"1Orange1"Orange and teal floral bowtie"1"Orange and teal floral bowtie"
